,R1,R2,R3,R4,R5,RH1,RH2,RH5,W1,W2,W3,W4,W5,WS1,WS2
"(104233, 104233, 'G')",0,1,0,1,1,0,0,1,1,1,1,1,1,0,1
"(603360, 603360, 'G')",0,0,1,1,0,0,0,1,0,0,0,0,1,1,1
"(619172, 619172, 'G')",1,1,0,1,1,0,0,1,1,0,0,0,0,1,1
"(657081, 657081, 'G')",1,1,1,1,1,0,0,1,0,1,1,0,1,0,1
"(676029, 676028, 'C')",0,0,0,0,0,0,0,0,0,0,0,0,0,0,1
"(719015, 719015, 'A')",0,0,0,0,0,0,0,0,0,1,0,0,0,1,0
"(1246835, 1246835, 'G')",1,0,0,0,0,0,1,0,0,1,1,0,0,0,0
"(1415134, 1415134, 'G')",1,0,0,1,1,0,0,1,1,1,1,1,0,1,1
"(1523375, 1523376, 'GT')",0,0,1,0,0,0,0,0,1,0,0,0,0,0,0
"(1587068, 1587068, 'G')",0,0,0,1,0,1,0,1,1,0,1,1,1,0,1
"(1616266, 1616265, 'G')",0,0,1,1,1,0,1,1,0,1,1,1,1,0,0
"(1616552, 1616552, 'G')",0,0,0,0,0,0,1,0,1,0,1,0,0,0,0
"(1622503, 1622503, 'T')",0,0,0,0,1,0,0,1,1,0,0,1,0,0,0
"(1625888, 1625888, 'A')",0,0,0,0,0,0,0,0,0,1,0,0,0,0,1
"(1634118, 1634118, 'G')",0,0,0,0,0,0,1,1,0,1,0,1,1,1,1
"(1634749, 1634749, 'A')",1,0,0,1,1,1,1,1,1,0,1,0,1,1,0
"(1642021, 1642021, 'A')",0,1,0,0,0,1,1,0,0,0,0,1,0,0,1
"(1644238, 1644238, 'C')",1,1,0,0,1,0,1,0,1,1,0,1,1,0,1
"(1644332, 1644333, 'GC')",1,1,1,1,0,0,1,0,1,0,0,0,0,0,1
"(1649111, 1649111, 'C')",1,0,0,0,0,0,1,1,1,0,1,1,0,0,0
"(1649437, 1649437, nan)",1,1,1,1,1,1,1,1,1,1,1,0,0,1,1
"(1649515, 1649515, nan)",1,1,1,1,1,1,1,1,1,1,1,0,0,1,1
"(1740776, 1740776, 'C')",0,1,0,0,0,0,1,1,0,0,1,0,0,0,1
"(1765206, 1765205, 'G')",0,0,0,0,1,1,1,1,0,1,0,0,0,0,0
"(2158342, 2158342, 'T')",1,1,1,1,0,0,1,0,1,1,1,0,0,0,0
"(2246978, 2246979, 'GG')",0,0,0,0,0,0,0,0,0,0,1,0,0,0,0
"(2246984, 2246984, 'G')",0,0,0,0,0,0,0,0,0,0,1,0,0,0,0
"(2246999, 2246999, 'G')",0,0,0,0,0,0,0,0,0,0,1,0,0,0,0
"(2325801, 2325801, 'G')",1,0,1,0,0,0,0,1,1,1,1,1,0,1,1
"(2326305, 2326307, 'CTC')",0,0,0,0,0,0,0,0,0,0,1,0,0,0,0
"(2458950, 2458949, 'C')",1,0,0,1,1,0,1,1,1,0,0,0,0,1,0
"(2458985, 2458984, 'G')",0,0,1,1,1,0,1,1,1,0,0,0,0,1,0
"(2501991, 2501991, 'C')",0,0,0,1,0,1,0,0,0,0,0,0,0,1,0
"(2533425, 2533425, 'G')",0,1,0,1,0,1,0,0,1,1,1,1,0,1,0
"(2855967, 2855966, 'C')",0,1,0,1,1,0,1,0,1,1,0,1,1,1,0
"(2976040, 2976040, 'G')",1,0,0,0,0,1,0,0,0,0,1,1,1,1,0
"(3047361, 3047360, 'C')",0,0,0,0,0,0,0,0,0,0,0,0,0,0,1
"(3047547, 3047547, 'C')",1,0,0,0,0,1,1,0,0,0,1,0,0,0,0
"(3054643, 3054642, 'C')",1,1,0,0,1,1,1,1,0,1,1,1,0,1,1
"(3095247, 3095246, 'G')",1,1,1,0,1,0,0,0,1,0,1,0,0,1,0
"(3144980, 3144980, nan)",0,0,0,0,0,1,1,1,1,1,1,0,0,0,1
"(3246681, 3246680, 'C')",0,1,1,0,1,1,0,1,1,0,1,0,1,0,0
"(3348737, 3348737, 'A')",0,0,0,0,1,0,0,1,1,0,1,0,0,0,0
"(3348967, 3348967, 'G')",1,1,0,0,0,1,0,0,0,1,0,1,1,0,1
"(3349264, 3349264, 'C')",1,1,1,0,1,1,1,1,1,1,1,1,1,0,1
"(3368076, 3368077, 'TT')",0,0,0,0,1,0,0,0,1,0,0,0,0,0,0
"(3408580, 3408586, nan)",0,1,1,0,0,0,0,0,0,0,1,1,1,0,0
"(3460646, 3460646, nan)",0,0,0,0,1,1,0,1,1,1,1,1,0,0,1
"(3667835, 3667835, 'C')",1,0,0,1,1,1,1,1,1,1,1,1,0,1,1
"(3680393, 3680393, 'C')",1,1,0,1,1,0,0,0,0,1,1,0,0,1,0
"(3706353, 3706353, 'G')",0,0,0,1,1,1,1,0,0,1,0,1,0,1,1
"(3958102, 3958102, 'C')",0,0,0,1,0,0,1,0,1,0,0,1,0,1,0
"(4171261, 4171261, 'A')",0,0,0,0,0,0,0,0,0,0,0,0,0,1,0
"(4248750, 4248756, 'AA')",0,0,0,0,0,0,0,1,0,0,0,0,0,0,0
"(4248770, 4248770, 'G')",0,0,0,0,0,0,0,1,0,0,0,0,0,0,0
"(4248772, 4248772, 'C')",0,0,0,0,0,0,0,1,0,0,0,0,0,0,0
"(4257056, 4257057, 'GC')",0,0,0,0,0,0,0,0,0,1,0,0,0,0,0
"(4257062, 4257061, 'C')",0,0,0,0,0,0,0,0,0,1,0,0,0,0,0
"(4257066, 4257067, 'GA')",0,0,0,0,0,0,0,1,0,1,0,0,0,0,0
"(4257069, 4257070, 'CA')",0,0,0,0,0,0,0,0,0,1,0,0,0,0,0
"(4257072, 4257074, 'CCG')",0,0,0,0,0,0,0,0,0,1,0,0,0,0,0
"(4257076, 4257077, 'GA')",0,0,0,0,0,0,0,0,0,1,0,0,0,0,0
"(4332050, 4332050, 'G')",1,0,0,1,0,1,0,0,1,0,0,0,0,0,0
"(4397330, 4397330, 'G')",1,1,1,1,0,0,0,0,1,0,0,1,0,0,0
"(4397372, 4397372, nan)",0,0,0,0,0,0,0,1,0,0,0,0,0,0,0
"(4401624, 4401624, nan)",1,1,1,1,1,1,1,1,1,1,1,1,1,1,1
"(4726818, 4726818, 'G')",1,0,0,1,0,1,0,1,1,1,1,0,0,0,1
"(4912786, 4912785, 'G')",1,0,0,1,0,0,1,1,1,1,1,0,0,1,0
"(5016697, 5016697, 'G')",0,0,0,0,0,0,1,0,0,0,0,0,0,0,0
"(5016898, 5016898, 'G')",0,1,1,0,0,0,1,1,0,0,0,0,1,0,0
"(5016937, 5016937, 'T')",0,0,0,0,1,1,1,0,0,0,0,0,1,0,1
"(5018196, 5018196, 'T')",0,0,0,0,0,0,0,1,0,0,0,0,0,0,0
"(5018258, 5018258, 'G')",0,1,0,1,1,0,0,1,0,0,0,0,0,0,0
"(5018293, 5018293, 'G')",0,0,0,0,0,0,0,0,0,1,0,0,0,0,0
"(5018293, 5018296, 'GACT')",0,0,0,0,0,1,0,0,0,0,0,0,0,0,0
"(5018303, 5018303, 'G')",0,1,1,1,0,1,0,1,0,1,0,0,0,0,0
"(5044225, 5044225, 'G')",0,0,0,1,0,1,1,0,1,0,1,1,0,0,1
"(5095649, 5095649, 'C')",0,0,0,0,0,0,0,0,0,0,0,0,0,0,1
"(5107398, 5107398, 'G')",1,0,0,1,1,1,1,1,0,1,0,0,0,0,0
"(5443132, 5443131, 'G')",0,0,0,0,1,1,0,1,1,0,1,0,1,0,0
"(5477208, 5477207, 'G')",0,0,0,0,0,0,1,0,0,0,0,0,0,0,0
"(5479812, 5479811, 'G')",1,1,1,1,0,0,1,0,1,0,0,0,1,0,0
"(5505703, 5505703, 'T')",0,0,0,0,0,0,1,1,0,0,0,0,0,0,0
"(5633841, 5633841, 'G')",0,0,0,0,0,1,1,0,1,0,0,0,1,0,1
"(5643986, 5643986, nan)",1,1,1,1,1,1,1,1,1,1,1,1,1,1,1
"(5644124, 5644123, 'C')",1,0,1,0,1,0,1,1,1,1,0,0,1,0,0
"(5753681, 5753681, nan)",1,1,1,1,1,1,0,1,1,1,0,1,1,1,1
"(5762045, 5762044, 'G')",0,1,0,0,1,0,0,0,0,0,0,1,0,1,0
"(5892943, 5892942, 'C')",0,1,1,0,0,1,1,1,1,1,1,0,1,0,1
"(5914629, 5914628, 'C')",0,0,0,0,0,0,1,1,1,0,1,0,0,0,1
"(6108394, 6108394, 'T')",0,1,0,1,0,0,0,0,0,0,0,0,0,0,0
"(6350690, 6350689, 'C')",1,0,1,1,0,0,1,1,1,1,0,0,0,1,1
"(6370281, 6370280, 'G')",0,1,0,1,0,1,0,1,1,0,1,0,0,0,0
"(6769937, 6769937, 'C')",0,0,0,0,0,0,0,0,0,0,1,0,0,0,0
"(6769979, 6769979, 'C')",0,0,0,0,0,0,0,0,0,0,0,1,0,0,0
"(6769995, 6769995, 'C')",0,0,0,0,0,0,0,0,0,0,0,1,0,0,0
"(6822638, 6822638, 'T')",0,0,1,0,1,1,0,1,0,1,1,0,1,0,0
"(6890540, 6890540, 'A')",0,0,0,0,0,0,1,1,1,0,0,0,0,0,0
"(7044234, 7044234, 'G')",1,1,0,0,0,0,0,1,1,1,1,1,1,1,1
"(7084800, 7084800, 'A')",1,0,0,1,0,1,0,1,1,1,1,1,0,0,1
"(7118314, 7118314, 'C')",1,1,0,0,1,1,1,1,0,0,1,1,1,0,1
"(7146838, 7146838, 'G')",0,0,0,0,1,0,0,1,0,1,0,0,0,0,0
"(7180216, 7180216, 'C')",0,0,1,1,0,1,0,1,1,0,1,1,0,0,0
"(7183704, 7183704, 'C')",0,0,0,0,1,0,1,1,1,0,1,0,0,0,0
"(7203532, 7203532, 'C')",0,1,1,1,0,0,1,0,1,0,1,0,1,1,1
"(7284887, 7284887, 'G')",0,0,0,0,1,0,0,0,0,0,1,0,0,0,1
"(7364061, 7364061, 'C')",1,1,1,1,0,1,1,1,0,1,1,1,0,1,1
"(7384786, 7384785, 'T')",0,0,1,0,0,1,0,0,0,0,0,0,0,1,1
"(7393003, 7393003, 'G')",1,1,0,1,1,1,1,1,1,0,1,1,1,0,1
"(7552570, 7552570, nan)",1,0,1,1,1,1,1,1,1,0,0,1,1,1,1
"(8004829, 8004829, 'G')",1,1,1,1,1,1,1,1,0,1,0,1,1,0,1
"(8044092, 8044092, 'G')",1,0,0,0,1,0,0,0,1,0,0,1,0,0,1
"(8288083, 8288082, 'G')",0,1,1,0,0,0,0,0,0,0,0,1,0,0,1
"(8594044, 8594044, 'C')",1,0,1,1,1,0,1,0,1,0,1,1,0,1,0
"(8595557, 8595557, 'G')",1,0,0,1,0,0,1,0,0,0,0,0,0,0,0
"(8612266, 8612266, 'C')",1,1,0,1,1,1,1,1,0,1,0,1,0,1,1
